{
  "version": "1.1.0",
  "diagrams": [
    {
      "ordinal": 0,
      "scrollPosition": {
        "x": 0,
        "y": 0
      },
      "nodes": [
        {
          "location": {
            "x": 36,
            "y": 0
          },
          "nodeIndex": "Data",
          "nodeLineageTag": "991fb62a-e191-4410-a471-3dbaea6a14e7",
          "size": {
            "height": 300,
            "width": 234
          },
          "zIndex": 0
        },
        {
          "location": {
            "x": 381,
            "y": 3
          },
          "nodeIndex": "Future Data",
          "nodeLineageTag": "41a5ad6b-3d3d-4a0d-b8f4-78b499ab6a8e",
          "size": {
            "height": 300,
            "width": 234
          },
          "zIndex": 0
        }
      ],
      "name": "All tables",
      "zoomValue": 100,
      "pinKeyFieldsToTop": false,
      "showExtraHeaderInfo": false,
      "hideKeyFieldsWhenCollapsed": false,
      "tablesLocked": false
    }
  ],
  "selectedDiagram": "All tables",
  "defaultDiagram": "All tables"
}