{
  "$schema": "https://developer.microsoft.com/json-schemas/fabric/item/report/definition/visualContainer/2.4.0/schema.json",
  "name": "57f3f958256c18f05478",
  "position": {
    "x": 452.831705723714,
    "y": 90.5663411447428,
    "z": 2000,
    "height": 78.216385534096048,
    "width": 198.97150706041978,
    "tabOrder": 2000
  },
  "visual": {
    "visualType": "card",
    "query": {
      "queryState": {
        "Values": {
          "projections": [
            {
              "field": {
                "Measure": {
                  "Expression": {
                    "SourceRef": {
                      "Entity": "Data"
                    }
                  },
                  "Property": "Total Forecast"
                }
              },
              "queryRef": "Data.Total Forecast",
              "nativeQueryRef": "Total Forecast Spend",
              "displayName": "Total Forecast Spend"
            }
          ]
        }
      },
      "sortDefinition": {
        "sort": [
          {
            "field": {
              "Measure": {
                "Expression": {
                  "SourceRef": {
                    "Entity": "Data"
                  }
                },
                "Property": "Total Forecast"
              }
            },
            "direction": "Descending"
          }
        ],
        "isDefaultSort": true
      }
    },
    "visualContainerObjects": {
      "border": [
        {
          "properties": {
            "show": {
              "expr": {
                "Literal": {
                  "Value": "true"
                }
              }
            }
          }
        }
      ],
      "dropShadow": [
        {
          "properties": {
            "show": {
              "expr": {
                "Literal": {
                  "Value": "true"
                }
              }
            }
          }
        }
      ],
      "background": [
        {
          "properties": {
            "color": {
              "solid": {
                "color": {
                  "expr": {
                    "ThemeDataColor": {
                      "ColorId": 0,
                      "Percent": -0.1
                    }
                  }
                }
              }
            }
          }
        }
      ]
    },
    "drillFilterOtherVisuals": true
  },
  "filterConfig": {
    "filters": [
      {
        "name": "b6a6b27a59b2935ffb60",
        "field": {
          "Measure": {
            "Expression": {
              "SourceRef": {
                "Entity": "Data"
              }
            },
            "Property": "Total Forecast"
          }
        },
        "type": "Advanced"
      }
    ]
  }
}