{
  "$schema": "https://developer.microsoft.com/json-schemas/fabric/item/report/definition/visualContainer/2.4.0/schema.json",
  "name": "6530cdfdd0bb4df01b03",
  "position": {
    "x": 10.977738320574884,
    "y": 461.06500946414513,
    "z": 10001,
    "height": 259.34906782358166,
    "width": 592.79786931104377,
    "tabOrder": 10001
  },
  "visual": {
    "visualType": "treemap",
    "query": {
      "queryState": {
        "Group": {
          "projections": [
            {
              "field": {
                "Column": {
                  "Expression": {
                    "SourceRef": {
                      "Entity": "Data"
                    }
                  },
                  "Property": "Cost_element_group"
                }
              },
              "queryRef": "Data.Cost_element_group",
              "nativeQueryRef": "Cost_element_group",
              "active": true
            }
          ]
        },
        "Values": {
          "projections": [
            {
              "field": {
                "Measure": {
                  "Expression": {
                    "SourceRef": {
                      "Entity": "Data"
                    }
                  },
                  "Property": "Total Actual"
                }
              },
              "queryRef": "Data.Total Actual",
              "nativeQueryRef": "Total Actual"
            }
          ]
        }
      }
    },
    "objects": {
      "labels": [
        {
          "properties": {
            "show": {
              "expr": {
                "Literal": {
                  "Value": "true"
                }
              }
            }
          }
        }
      ]
    },
    "visualContainerObjects": {
      "border": [
        {
          "properties": {
            "show": {
              "expr": {
                "Literal": {
                  "Value": "true"
                }
              }
            }
          }
        }
      ],
      "title": [
        {
          "properties": {
            "alignment": {
              "expr": {
                "Literal": {
                  "Value": "'center'"
                }
              }
            },
            "background": {
              "solid": {
                "color": {
                  "expr": {
                    "ThemeDataColor": {
                      "ColorId": 0,
                      "Percent": -0.1
                    }
                  }
                }
              }
            },
            "bold": {
              "expr": {
                "Literal": {
                  "Value": "true"
                }
              }
            },
            "text": {
              "expr": {
                "Literal": {
                  "Value": "'IT Cost Distribution by Category'"
                }
              }
            }
          }
        }
      ],
      "dropShadow": [
        {
          "properties": {
            "show": {
              "expr": {
                "Literal": {
                  "Value": "true"
                }
              }
            }
          }
        }
      ]
    },
    "drillFilterOtherVisuals": true
  },
  "filterConfig": {
    "filters": [
      {
        "name": "fcfa0a5016e001c9ef9d",
        "field": {
          "Measure": {
            "Expression": {
              "SourceRef": {
                "Entity": "Data"
              }
            },
            "Property": "Total Actual"
          }
        },
        "type": "Advanced"
      },
      {
        "name": "01e697cf550d60b2309c",
        "field": {
          "Column": {
            "Expression": {
              "SourceRef": {
                "Entity": "Data"
              }
            },
            "Property": "Cost_element_group"
          }
        },
        "type": "Categorical"
      }
    ]
  }
}