{
  "$schema": "https://developer.microsoft.com/json-schemas/fabric/item/report/definition/visualContainer/2.4.0/schema.json",
  "name": "504b5cbca373f02125b3",
  "position": {
    "x": 613.38112866212168,
    "y": 554.37578518903172,
    "z": 10002,
    "height": 166.03829209869514,
    "width": 655.91986465434934,
    "tabOrder": 10002
  },
  "visual": {
    "visualType": "tableEx",
    "query": {
      "queryState": {
        "Values": {
          "projections": [
            {
              "field": {
                "Column": {
                  "Expression": {
                    "SourceRef": {
                      "Entity": "Data"
                    }
                  },
                  "Property": "Region"
                }
              },
              "queryRef": "Data.Region",
              "nativeQueryRef": "Region"
            },
            {
              "field": {
                "Column": {
                  "Expression": {
                    "SourceRef": {
                      "Entity": "Data"
                    }
                  },
                  "Property": "IT_area"
                }
              },
              "queryRef": "Data.IT_area",
              "nativeQueryRef": "IT Area",
              "displayName": "IT Area"
            },
            {
              "field": {
                "Measure": {
                  "Expression": {
                    "SourceRef": {
                      "Entity": "Data"
                    }
                  },
                  "Property": "Total Actual"
                }
              },
              "queryRef": "Data.Total Actual",
              "nativeQueryRef": "Total Actual"
            },
            {
              "field": {
                "Measure": {
                  "Expression": {
                    "SourceRef": {
                      "Entity": "Data"
                    }
                  },
                  "Property": "Total Plan"
                }
              },
              "queryRef": "Data.Total Plan",
              "nativeQueryRef": "Total Plan"
            },
            {
              "field": {
                "Measure": {
                  "Expression": {
                    "SourceRef": {
                      "Entity": "Data"
                    }
                  },
                  "Property": "Actual vs Plan Variance"
                }
              },
              "queryRef": "Data.Actual vs Plan Variance",
              "nativeQueryRef": "Actual vs Plan Variance"
            }
          ]
        }
      },
      "sortDefinition": {
        "sort": [
          {
            "field": {
              "Column": {
                "Expression": {
                  "SourceRef": {
                    "Entity": "Data"
                  }
                },
                "Property": "Region"
              }
            },
            "direction": "Ascending"
          }
        ]
      }
    },
    "objects": {
      "columnHeaders": [
        {
          "properties": {
            "bold": {
              "expr": {
                "Literal": {
                  "Value": "true"
                }
              }
            },
            "backColor": {
              "solid": {
                "color": {
                  "expr": {
                    "ThemeDataColor": {
                      "ColorId": 0,
                      "Percent": -0.6
                    }
                  }
                }
              }
            },
            "fontColor": {
              "solid": {
                "color": {
                  "expr": {
                    "ThemeDataColor": {
                      "ColorId": 0,
                      "Percent": 0
                    }
                  }
                }
              }
            },
            "alignment": {
              "expr": {
                "Literal": {
                  "Value": "'Center'"
                }
              }
            }
          }
        }
      ],
      "grid": [
        {
          "properties": {
            "gridHorizontalColor": {
              "solid": {
                "color": {
                  "expr": {
                    "ThemeDataColor": {
                      "ColorId": 0,
                      "Percent": 0
                    }
                  }
                }
              }
            },
            "outlineStyle": {
              "expr": {
                "Literal": {
                  "Value": "15D"
                }
              }
            },
            "outlineColor": {
              "solid": {
                "color": {
                  "expr": {
                    "ThemeDataColor": {
                      "ColorId": 0,
                      "Percent": -0.2
                    }
                  }
                }
              }
            }
          }
        }
      ],
      "values": [
        {
          "properties": {
            "backColorPrimary": {
              "solid": {
                "color": {
                  "expr": {
                    "ThemeDataColor": {
                      "ColorId": 0,
                      "Percent": 0
                    }
                  }
                }
              }
            }
          }
        }
      ],
      "total": [
        {
          "properties": {
            "backColor": {
              "solid": {
                "color": {
                  "expr": {
                    "ThemeDataColor": {
                      "ColorId": 0,
                      "Percent": 0
                    }
                  }
                }
              }
            }
          }
        }
      ]
    },
    "visualContainerObjects": {
      "border": [
        {
          "properties": {
            "show": {
              "expr": {
                "Literal": {
                  "Value": "true"
                }
              }
            }
          }
        }
      ],
      "title": [
        {
          "properties": {
            "show": {
              "expr": {
                "Literal": {
                  "Value": "true"
                }
              }
            },
            "text": {
              "expr": {
                "Literal": {
                  "Value": "'Detailed IT Spend Breakdown'"
                }
              }
            },
            "alignment": {
              "expr": {
                "Literal": {
                  "Value": "'center'"
                }
              }
            },
            "background": {
              "solid": {
                "color": {
                  "expr": {
                    "ThemeDataColor": {
                      "ColorId": 0,
                      "Percent": -0.1
                    }
                  }
                }
              }
            },
            "bold": {
              "expr": {
                "Literal": {
                  "Value": "true"
                }
              }
            }
          }
        }
      ],
      "dropShadow": [
        {
          "properties": {
            "show": {
              "expr": {
                "Literal": {
                  "Value": "true"
                }
              }
            }
          }
        }
      ]
    },
    "drillFilterOtherVisuals": true
  },
  "filterConfig": {
    "filters": [
      {
        "name": "63d0f1e0f6ac9f798c7a",
        "field": {
          "Column": {
            "Expression": {
              "SourceRef": {
                "Entity": "Data"
              }
            },
            "Property": "Region"
          }
        },
        "type": "Categorical"
      },
      {
        "name": "57f0e34bf92d15f70b48",
        "field": {
          "Column": {
            "Expression": {
              "SourceRef": {
                "Entity": "Data"
              }
            },
            "Property": "IT_area"
          }
        },
        "type": "Categorical"
      },
      {
        "name": "732c9acb327648c08939",
        "field": {
          "Measure": {
            "Expression": {
              "SourceRef": {
                "Entity": "Data"
              }
            },
            "Property": "Total Actual"
          }
        },
        "type": "Advanced"
      },
      {
        "name": "22d0363a636c145bf3a9",
        "field": {
          "Measure": {
            "Expression": {
              "SourceRef": {
                "Entity": "Data"
              }
            },
            "Property": "Total Plan"
          }
        },
        "type": "Advanced"
      },
      {
        "name": "492dd5cc2d56135f78a1",
        "field": {
          "Measure": {
            "Expression": {
              "SourceRef": {
                "Entity": "Data"
              }
            },
            "Property": "Actual vs Plan Variance"
          }
        },
        "type": "Advanced"
      }
    ]
  }
}