{
  "$schema": "https://developer.microsoft.com/json-schemas/fabric/item/report/definition/visualContainer/2.4.0/schema.json",
  "name": "a264d4f3be6474a98474",
  "position": {
    "x": 661.40873381463678,
    "y": 89.194123854670934,
    "z": 3000,
    "height": 79.5886028241679,
    "width": 189.36598602991677,
    "tabOrder": 3000
  },
  "visual": {
    "visualType": "card",
    "query": {
      "queryState": {
        "Values": {
          "projections": [
            {
              "field": {
                "Measure": {
                  "Expression": {
                    "SourceRef": {
                      "Entity": "Data"
                    }
                  },
                  "Property": "Total Plan"
                }
              },
              "queryRef": "Data.Total Plan",
              "nativeQueryRef": "Total Planned Budget",
              "displayName": "Total Planned Budget"
            }
          ]
        }
      },
      "sortDefinition": {
        "sort": [
          {
            "field": {
              "Measure": {
                "Expression": {
                  "SourceRef": {
                    "Entity": "Data"
                  }
                },
                "Property": "Total Plan"
              }
            },
            "direction": "Descending"
          }
        ],
        "isDefaultSort": true
      }
    },
    "visualContainerObjects": {
      "border": [
        {
          "properties": {
            "show": {
              "expr": {
                "Literal": {
                  "Value": "true"
                }
              }
            }
          }
        }
      ],
      "dropShadow": [
        {
          "properties": {
            "show": {
              "expr": {
                "Literal": {
                  "Value": "true"
                }
              }
            }
          }
        }
      ],
      "background": [
        {
          "properties": {
            "color": {
              "solid": {
                "color": {
                  "expr": {
                    "ThemeDataColor": {
                      "ColorId": 0,
                      "Percent": -0.1
                    }
                  }
                }
              }
            }
          }
        }
      ]
    },
    "drillFilterOtherVisuals": true
  },
  "filterConfig": {
    "filters": [
      {
        "name": "b99328e6d9961f01ca16",
        "field": {
          "Measure": {
            "Expression": {
              "SourceRef": {
                "Entity": "Data"
              }
            },
            "Property": "Total Plan"
          }
        },
        "type": "Advanced"
      }
    ]
  }
}