{
  "$schema": "https://developer.microsoft.com/json-schemas/fabric/item/report/definition/visualContainer/2.4.0/schema.json",
  "name": "ceffa21acca25d80dda9",
  "position": {
    "x": 10.977738320574884,
    "y": 20.58325935107791,
    "z": 0,
    "height": 59.005343473090008,
    "width": 1256.9510377058243,
    "tabOrder": 0
  },
  "visual": {
    "visualType": "textbox",
    "objects": {
      "general": [
        {
          "properties": {
            "paragraphs": [
              {
                "textRuns": [
                  {
                    "value": "IT EXPENDITURE ANALYSIS DASHBOARD",
                    "textStyle": {
                      "fontWeight": "bold",
                      "fontFamily": "Segoe (Bold)",
                      "fontSize": "28pt"
                    }
                  }
                ],
                "horizontalTextAlignment": "center",
                "indent": 1
              }
            ]
          }
        }
      ]
    },
    "visualContainerObjects": {
      "border": [
        {
          "properties": {
            "show": {
              "expr": {
                "Literal": {
                  "Value": "true"
                }
              }
            }
          }
        }
      ],
      "dropShadow": [
        {
          "properties": {
            "show": {
              "expr": {
                "Literal": {
                  "Value": "true"
                }
              }
            }
          }
        }
      ],
      "background": [
        {
          "properties": {
            "color": {
              "solid": {
                "color": {
                  "expr": {
                    "ThemeDataColor": {
                      "ColorId": 0,
                      "Percent": -0.1
                    }
                  }
                }
              }
            }
          }
        }
      ]
    },
    "drillFilterOtherVisuals": true
  }
}