{
  "$schema": "https://developer.microsoft.com/json-schemas/fabric/item/report/definition/page/2.0.0/schema.json",
  "name": "a27e1d818dd25e3a2b0f",
  "displayName": "IT EXPENDITURE ANALYSIS DASHBOARD",
  "displayOption": "FitToPage",
  "height": 720,
  "width": 1280,
  "objects": {
    "outspace": [
      {
        "properties": {
          "color": {
            "solid": {
              "color": {
                "expr": {
                  "ThemeDataColor": {
                    "ColorId": 7,
                    "Percent": 0.4
                  }
                }
              }
            }
          },
          "transparency": {
            "expr": {
              "Literal": {
                "Value": "56D"
              }
            }
          }
        }
      }
    ],
    "background": [
      {
        "properties": {
          "color": {
            "solid": {
              "color": {
                "expr": {
                  "ThemeDataColor": {
                    "ColorId": 7,
                    "Percent": 0.6
                  }
                }
              }
            }
          },
          "transparency": {
            "expr": {
              "Literal": {
                "Value": "16D"
              }
            }
          }
        }
      }
    ],
    "displayArea": [
      {
        "properties": {
          "verticalAlignment": {
            "expr": {
              "Literal": {
                "Value": "'Top'"
              }
            }
          }
        }
      }
    ]
  }
}